Time,Time Code,Country Name,Country Code,Renewable energy consumption (% of total final energy consumption) [EG.FEC.RNEW.ZS],Energy related methane emissions (% of total) [EN.ATM.METH.EG.ZS],Fossil fuel energy consumption (% of total) [EG.USE.COMM.FO.ZS],"Energy use (kg of oil equivalent) per $1,000 GDP (constant 2017 PPP) [EG.USE.COMM.GD.PP.KD]",Investment in energy with private participation (current US$) [IE.PPI.ENGY.CD],Methane emissions in energy sector (thousand metric tons of CO2 equivalent) [EN.ATM.METH.EG.KT.CE],Nitrous oxide emissions in energy sector (% of total) [EN.ATM.NOXE.EG.ZS],Nitrous oxide emissions in energy sector (thousand metric tons of CO2 equivalent) [EN.ATM.NOXE.EG.KT.CE],Public private partnerships investment in energy (current US$) [IE.PPN.ENGY.CD],"Electricity production from renewable sources, excluding hydroelectric (% of total) [EG.ELC.RNWX.ZS]",Combustible renewables and waste (% of total energy) [EG.USE.CRNW.ZS],Electricity production from hydroelectric sources (% of total) [EG.ELC.HYRO.ZS],Electricity production from nuclear sources (% of total) [EG.ELC.NUCL.ZS],"Electricity production from oil, gas and coal sources (% of total) [EG.ELC.FOSL.ZS]","Electricity production from renewable sources, excluding hydroelectric (kWh) [EG.ELC.RNWX.KH]",Renewable electricity output (% of total electricity output) [EG.ELC.RNEW.ZS],Renewable internal freshwater resources per capita (cubic meters) [ER.H2O.INTR.PC],"Renewable internal freshwater resources, total (billion cubic meters) [ER.H2O.INTR.K3]",Alternative and nuclear energy (% of total energy use) [EG.USE.COMM.CL.ZS],Energy use (kg of oil equivalent per capita) [EG.USE.PCAP.KG.OE],GDP per unit of energy use (PPP $ per kg of oil equivalent) [EG.GDP.PUSE.KO.PP],"Energy imports, net (% of energy use) [EG.IMP.CONS.ZS]"
2020,YR2020,European Union,EUU,21.121106310957,..,..,..,..,50002.322057,..,25424.669819,..,..,..,..,..,..,..,..,3037.22099853333,1359.7405,..,..,..,..
2020,YR2020,Albania,ALB,44.58,..,..,..,..,59.515016,..,60.2,..,..,..,..,..,..,..,..,9479.0103349403,26.9,..,..,..,..
2020,YR2020,Andorra,AND,21.86,..,..,..,..,0,..,0,..,..,..,..,..,..,..,..,4061.77606177606,0.3156,..,..,..,..
2020,YR2020,Armenia,ARM,8.38,..,..,..,..,968.993782,..,47.6,..,..,..,..,..,..,..,..,2444.74637939441,6.859,..,..,..,..
2020,YR2020,Austria,AUT,35.77,..,..,..,..,1079.310803,..,769.505391,..,..,..,..,..,..,..,..,6168.08779409443,55,..,..,..,..
2020,YR2020,Azerbaijan,AZE,1.23,..,..,..,..,8196.1,..,156.4,..,..,..,..,..,..,..,..,804.012950999002,8.115,..,..,..,..
2020,YR2020,Belarus,BLR,8.39,..,..,..,..,1419.892563,..,353.100008,..,..,..,..,..,..,..,..,3624.7520243174,34,..,..,..,..
2020,YR2020,Belgium,BEL,12.28,..,..,..,..,1023.94229,..,716.77731,..,..,..,..,..,..,..,..,1039.9871596252,12,..,..,..,..
2020,YR2020,Bosnia and Herzegovina,BIH,37.71,..,..,..,78780000,1110.51507,..,187.6,78780000,..,..,..,..,..,..,..,10697.9041449708,35.5,..,..,..,..
2020,YR2020,Bulgaria,BGR,21.08,..,..,..,..,1415.36868,..,339.663473,..,..,..,..,..,..,..,..,3028.54839512173,21,..,..,..,..
2020,YR2020,Channel Islands,CHI,..,..,..,..,..,..,..,..,..,..,..,..,..,..,..,..,..,..,..,..,..,..
2020,YR2020,Croatia,HRV,32.37,..,..,..,..,564.505606,..,194.80734,..,..,..,..,..,..,..,..,9313.97738951696,37.7,..,..,..,..
2020,YR2020,Cyprus,CYP,15.02,..,..,..,..,26.5455,..,54.3,..,..,..,..,..,..,..,..,630.284185442536,0.78,..,..,..,..
2020,YR2020,Czechia,CZE,16.97,..,..,..,..,5014.286591,..,803.614619,..,..,..,..,..,..,..,..,1229.2180359844,13.15,..,..,..,..
2020,YR2020,Denmark,DNK,39.7,..,..,..,..,1014.3,..,540.426155,..,..,..,..,..,..,..,..,1028.91173377801,6,..,..,..,..
2020,YR2020,Estonia,EST,40,..,..,..,..,253.4,..,125.094733,..,..,..,..,..,..,..,..,9559.8267648072,12.71,..,..,..,..
2020,YR2020,Faroe Islands,FRO,5.33,..,..,..,..,..,..,..,..,..,..,..,..,..,..,..,..,..,..,..,..,..
2020,YR2020,Finland,FIN,47.49,..,..,..,..,795.477951,..,785.344722,..,..,..,..,..,..,..,..,19350.6045617151,107,..,..,..,..
2020,YR2020,France,FRA,16.87,..,..,..,..,4541.2,..,3258.012727,..,..,..,..,..,..,..,..,2959.84495266594,200,..,..,..,..
2020,YR2020,Georgia,GEO,23.45,..,..,..,..,952.809807,..,85.9,..,..,..,..,..,..,..,..,15614.9434982416,58.13,..,..,..,..
2020,YR2020,Germany,DEU,18.6,..,..,..,..,8000.2,..,5253.042951,..,..,..,..,..,..,..,..,1286.66281044603,107,..,..,..,..
2020,YR2020,Gibraltar,GIB,0,..,..,..,..,..,..,..,..,..,..,..,..,..,..,..,..,..,..,..,..,..
2020,YR2020,Greece,GRC,20.08,..,..,..,..,1193.699294,..,410.873895,..,..,..,..,..,..,..,..,5421.2705794469,58,..,..,..,..
2020,YR2020,Greenland,GRL,11.46,..,..,..,..,..,..,..,..,..,..,..,..,..,..,..,..,..,..,..,..,..
2020,YR2020,Hungary,HUN,14.76,..,..,..,..,1278.94277,..,448.039935,..,..,..,..,..,..,..,..,615.37521118908,6,..,..,..,..
2020,YR2020,Iceland,ISL,82.79,..,..,..,..,10.074314,..,21.427311,..,..,..,..,..,..,..,..,463894.035687095,170,..,..,..,..
2020,YR2020,Ireland,IRL,13.69,..,..,..,..,245.910727,..,280.141364,..,..,..,..,..,..,..,..,9828.73529049529,49,..,..,..,..
2020,YR2020,Isle of Man,IMN,2.15,..,..,..,..,..,..,..,..,..,..,..,..,..,..,..,..,..,..,..,..,..
2020,YR2020,Italy,ITA,18.69,..,..,..,..,7114.7,..,2383.675924,..,..,..,..,..,..,..,..,3070.38236657704,182.5,..,..,..,..
2020,YR2020,Kazakhstan,KAZ,1.78,..,..,..,265480000,46865.7,..,1090.200007,265480000,..,..,..,..,..,..,..,3430.96320866452,64.35,..,..,..,..
2020,YR2020,Kosovo,XKX,..,..,..,..,..,..,..,..,..,..,..,..,..,..,..,..,..,..,..,..,..,..
2020,YR2020,Kyrgyz Republic,KGZ,30.04,..,..,..,..,347.804912,..,51,..,..,..,..,..,..,..,..,7436.28322618885,48.93,..,..,..,..
2020,YR2020,Latvia,LVA,43.75,..,..,..,..,325.858227,..,145.005863,..,..,..,..,..,..,..,..,8913.68302964194,16.94,..,..,..,..
2020,YR2020,Liechtenstein,LIE,55.21,..,..,..,..,1.166342,..,0.000883267,..,..,..,..,..,..,..,..,..,..,..,..,..,..
2020,YR2020,Lithuania,LTU,31.7,..,..,..,..,527.190843,..,210.544777,..,..,..,..,..,..,..,..,5531.53349780045,15.46,..,..,..,..
2020,YR2020,Luxembourg,LUX,20.79,..,..,..,..,66.588594,..,126.2,..,..,..,..,..,..,..,..,1586.24660741507,1,..,..,..,..
2020,YR2020,Moldova,MDA,23.66,..,..,..,..,948.720496,..,74.2,..,..,..,..,..,..,..,..,614.7704287834,1.62,..,..,..,..
2020,YR2020,Monaco,MCO,..,..,..,..,..,..,..,..,..,..,..,..,..,..,..,..,..,..,..,..,..,..
2020,YR2020,Montenegro,MNE,39.56,..,..,..,..,227.873416,..,26.1,..,..,..,..,..,..,..,..,..,..,..,..,..,..
2020,YR2020,Netherlands,NLD,10.79,..,..,..,..,716.7,..,882,..,..,..,..,..,..,..,..,630.679700713815,11,..,..,..,..
2020,YR2020,North Macedonia,MKD,20.26,..,..,..,..,326.633976,..,58.6,..,..,..,..,..,..,..,..,2605.50988139623,5.4,..,..,..,..
2020,YR2020,Norway,NOR,61.29,..,..,..,..,987.7,..,368.158895,..,..,..,..,..,..,..,..,71010.6469497488,382,..,..,..,..
2020,YR2020,Poland,POL,16.14,..,..,..,..,5770.9,..,2560.025748,..,..,..,..,..,..,..,..,1414.28272514339,53.6,..,..,..,..
2020,YR2020,Portugal,PRT,31.21,..,..,..,..,454.685274,..,479.600896,..,..,..,..,..,..,..,..,3690.36623097361,38,..,..,..,..
2020,YR2020,Romania,ROU,24.06,..,..,..,..,3359.7,..,723.882732,..,..,..,..,..,..,..,..,2199.8157303954,42.38,..,..,..,..
2020,YR2020,Russian Federation,RUS,3.72,..,..,..,486950000,449670.1,..,7563.435356,486950000,..,..,..,..,..,..,..,29929.2430908998,4312,..,..,..,..
2020,YR2020,San Marino,SMR,..,..,..,..,..,..,..,..,..,..,..,..,..,..,..,..,..,..,..,..,..,..
2020,YR2020,Serbia,SRB,26.01,..,..,..,..,2808.534791,..,334.8,..,..,..,..,..,..,..,..,1218.56014805354,8.407,..,..,..,..
2020,YR2020,Slovak Republic,SVK,17.64,..,..,..,..,1993.48538,..,258.275968,..,..,..,..,..,..,..,..,2308.18818768208,12.6,..,..,..,..
2020,YR2020,Slovenia,SVN,22.4,..,..,..,..,189.1,..,151.273147,..,..,..,..,..,..,..,..,8880.24699167959,18.67,..,..,..,..
2020,YR2020,Spain,ESP,19.35,..,..,..,..,2204.623501,..,2323.216077,..,..,..,..,..,..,..,..,2347.69264776345,111.2,..,..,..,..
2020,YR2020,Sweden,SWE,58.4,..,..,..,..,827.2,..,1186.779992,..,..,..,..,..,..,..,..,16516.2464811219,171,..,..,..,..
2020,YR2020,Switzerland,CHE,26.37,..,..,..,..,602.011991,..,499.94791,..,..,..,..,..,..,..,..,4676.91814710227,40.4,..,..,..,..
2020,YR2020,Tajikistan,TJK,38.75,..,..,..,..,226.409475,..,51,..,..,..,..,..,..,..,..,6649.75620878809,63.46,..,..,..,..
2020,YR2020,Turkiye,TUR,13.72,..,..,..,408970000,9927.390633,..,2112.016131,408970000,..,..,..,..,..,..,..,2722.32261369834,227,..,..,..,..
2020,YR2020,Turkmenistan,TKM,0.06,..,..,..,..,116870.6,..,221.9,..,..,..,..,..,..,..,..,224.784247119962,1.405,..,..,..,..
2020,YR2020,Ukraine,UKR,8.72,..,..,..,15000000,8086.1,..,832.3,15000000,..,..,..,..,..,..,..,1248.52575959027,55.1,..,..,..,..
2020,YR2020,United Kingdom,GBR,13.5,..,..,..,..,7533.8,..,2980.60803,..,..,..,..,..,..,..,..,2161.55832792223,145,..,..,..,..
2020,YR2020,Uzbekistan,UZB,1.03,..,..,..,120000000,24772.9,..,388,120000000,..,..,..,..,..,..,..,477.330454939158,16.34,..,..,..,..
2021,YR2021,European Union,EUU,..,..,..,..,..,..,..,..,..,..,..,..,..,..,..,..,..,..,..,..,..,..
2021,YR2021,Albania,ALB,..,..,..,..,..,..,..,..,..,..,..,..,..,..,..,..,..,..,..,..,..,..
2021,YR2021,Andorra,AND,20.59,..,..,..,..,..,..,..,..,..,..,..,..,..,..,..,..,..,..,..,..,..
2021,YR2021,Armenia,ARM,..,..,..,..,53010000,..,..,..,53010000,..,..,..,..,..,..,..,..,..,..,..,..,..
2021,YR2021,Austria,AUT,..,..,..,..,..,..,..,..,..,..,..,..,..,..,..,..,..,..,..,..,..,..
2021,YR2021,Azerbaijan,AZE,..,..,..,..,200000000,..,..,..,200000000,..,..,..,..,..,..,..,..,..,..,..,..,..
2021,YR2021,Belarus,BLR,..,..,..,..,..,..,..,..,..,..,..,..,..,..,..,..,..,..,..,..,..,..
2021,YR2021,Belgium,BEL,..,..,..,..,..,..,..,..,..,..,..,..,..,..,..,..,..,..,..,..,..,..
2021,YR2021,Bosnia and Herzegovina,BIH,..,..,..,..,..,..,..,..,..,..,..,..,..,..,..,..,..,..,..,..,..,..
2021,YR2021,Bulgaria,BGR,..,..,..,..,..,..,..,..,..,..,..,..,..,..,..,..,..,..,..,..,..,..
2021,YR2021,Channel Islands,CHI,..,..,..,..,..,..,..,..,..,..,..,..,..,..,..,..,..,..,..,..,..,..
2021,YR2021,Croatia,HRV,..,..,..,..,..,..,..,..,..,..,..,..,..,..,..,..,..,..,..,..,..,..
2021,YR2021,Cyprus,CYP,..,..,..,..,..,..,..,..,..,..,..,..,..,..,..,..,..,..,..,..,..,..
2021,YR2021,Czechia,CZE,..,..,..,..,..,..,..,..,..,..,..,..,..,..,..,..,..,..,..,..,..,..
2021,YR2021,Denmark,DNK,..,..,..,..,..,..,..,..,..,..,..,..,..,..,..,..,..,..,..,..,..,..
2021,YR2021,Estonia,EST,..,..,..,..,..,..,..,..,..,..,..,..,..,..,..,..,..,..,..,..,..,..
2021,YR2021,Faroe Islands,FRO,5.31,..,..,..,..,..,..,..,..,..,..,..,..,..,..,..,..,..,..,..,..,..
2021,YR2021,Finland,FIN,..,..,..,..,..,..,..,..,..,..,..,..,..,..,..,..,..,..,..,..,..,..
2021,YR2021,France,FRA,..,..,..,..,..,..,..,..,..,..,..,..,..,..,..,..,..,..,..,..,..,..
2021,YR2021,Georgia,GEO,..,..,..,..,..,..,..,..,..,..,..,..,..,..,..,..,..,..,..,..,..,..
2021,YR2021,Germany,DEU,..,..,..,..,..,..,..,..,..,..,..,..,..,..,..,..,..,..,..,..,..,..
2021,YR2021,Gibraltar,GIB,..,..,..,..,..,..,..,..,..,..,..,..,..,..,..,..,..,..,..,..,..,..
2021,YR2021,Greece,GRC,..,..,..,..,..,..,..,..,..,..,..,..,..,..,..,..,..,..,..,..,..,..
2021,YR2021,Greenland,GRL,11.76,..,..,..,..,..,..,..,..,..,..,..,..,..,..,..,..,..,..,..,..,..
2021,YR2021,Hungary,HUN,..,..,..,..,..,..,..,..,..,..,..,..,..,..,..,..,..,..,..,..,..,..
2021,YR2021,Iceland,ISL,..,..,..,..,..,..,..,..,..,..,..,..,..,..,..,..,..,..,..,..,..,..
2021,YR2021,Ireland,IRL,..,..,..,..,..,..,..,..,..,..,..,..,..,..,..,..,..,..,..,..,..,..
2021,YR2021,Isle of Man,IMN,2.22,..,..,..,..,..,..,..,..,..,..,..,..,..,..,..,..,..,..,..,..,..
2021,YR2021,Italy,ITA,..,..,..,..,..,..,..,..,..,..,..,..,..,..,..,..,..,..,..,..,..,..
2021,YR2021,Kazakhstan,KAZ,..,..,..,..,27900000,..,..,..,27900000,..,..,..,..,..,..,..,..,..,..,..,..,..
2021,YR2021,Kosovo,XKX,..,..,..,..,..,..,..,..,..,..,..,..,..,..,..,..,..,..,..,..,..,..
2021,YR2021,Kyrgyz Republic,KGZ,..,..,..,..,..,..,..,..,..,..,..,..,..,..,..,..,..,..,..,..,..,..
2021,YR2021,Latvia,LVA,..,..,..,..,..,..,..,..,..,..,..,..,..,..,..,..,..,..,..,..,..,..
2021,YR2021,Liechtenstein,LIE,55.31,..,..,..,..,..,..,..,..,..,..,..,..,..,..,..,..,..,..,..,..,..
2021,YR2021,Lithuania,LTU,..,..,..,..,..,..,..,..,..,..,..,..,..,..,..,..,..,..,..,..,..,..
2021,YR2021,Luxembourg,LUX,..,..,..,..,..,..,..,..,..,..,..,..,..,..,..,..,..,..,..,..,..,..
2021,YR2021,Moldova,MDA,..,..,..,..,..,..,..,..,..,..,..,..,..,..,..,..,..,..,..,..,..,..
2021,YR2021,Monaco,MCO,..,..,..,..,..,..,..,..,..,..,..,..,..,..,..,..,..,..,..,..,..,..
2021,YR2021,Montenegro,MNE,..,..,..,..,..,..,..,..,..,..,..,..,..,..,..,..,..,..,..,..,..,..
2021,YR2021,Netherlands,NLD,..,..,..,..,..,..,..,..,..,..,..,..,..,..,..,..,..,..,..,..,..,..
2021,YR2021,North Macedonia,MKD,..,..,..,..,75040000,..,..,..,75040000,..,..,..,..,..,..,..,..,..,..,..,..,..
2021,YR2021,Norway,NOR,..,..,..,..,..,..,..,..,..,..,..,..,..,..,..,..,..,..,..,..,..,..
2021,YR2021,Poland,POL,..,..,..,..,..,..,..,..,..,..,..,..,..,..,..,..,..,..,..,..,..,..
2021,YR2021,Portugal,PRT,..,..,..,..,..,..,..,..,..,..,..,..,..,..,..,..,..,..,..,..,..,..
2021,YR2021,Romania,ROU,..,..,..,..,..,..,..,..,..,..,..,..,..,..,..,..,..,..,..,..,..,..
2021,YR2021,Russian Federation,RUS,..,..,..,..,101020000,..,..,..,101020000,..,..,..,..,..,..,..,..,..,..,..,..,..
2021,YR2021,San Marino,SMR,..,..,..,..,..,..,..,..,..,..,..,..,..,..,..,..,..,..,..,..,..,..
2021,YR2021,Serbia,SRB,..,..,..,..,..,..,..,..,..,..,..,..,..,..,..,..,..,..,..,..,..,..
2021,YR2021,Slovak Republic,SVK,..,..,..,..,..,..,..,..,..,..,..,..,..,..,..,..,..,..,..,..,..,..
2021,YR2021,Slovenia,SVN,..,..,..,..,..,..,..,..,..,..,..,..,..,..,..,..,..,..,..,..,..,..
2021,YR2021,Spain,ESP,..,..,..,..,..,..,..,..,..,..,..,..,..,..,..,..,..,..,..,..,..,..
2021,YR2021,Sweden,SWE,..,..,..,..,..,..,..,..,..,..,..,..,..,..,..,..,..,..,..,..,..,..
2021,YR2021,Switzerland,CHE,..,..,..,..,..,..,..,..,..,..,..,..,..,..,..,..,..,..,..,..,..,..
2021,YR2021,Tajikistan,TJK,..,..,..,..,..,..,..,..,..,..,..,..,..,..,..,..,..,..,..,..,..,..
2021,YR2021,Turkiye,TUR,..,..,..,..,1134000000,..,..,..,1134000000,..,..,..,..,..,..,..,..,..,..,..,..,..
2021,YR2021,Turkmenistan,TKM,..,..,..,..,..,..,..,..,..,..,..,..,..,..,..,..,..,..,..,..,..,..
2021,YR2021,Ukraine,UKR,..,..,..,..,1451000000,..,..,..,1451000000,..,..,..,..,..,..,..,..,..,..,..,..,..
2021,YR2021,United Kingdom,GBR,..,..,..,..,..,..,..,..,..,..,..,..,..,..,..,..,..,..,..,..,..,..
2021,YR2021,Uzbekistan,UZB,..,..,..,..,1562000000,..,..,..,1562000000,..,..,..,..,..,..,..,..,..,..,..,..,..
2022,YR2022,European Union,EUU,..,..,..,..,..,..,..,..,..,..,..,..,..,..,..,..,..,..,..,..,..,..
2022,YR2022,Albania,ALB,..,..,..,..,124000000,..,..,..,124000000,..,..,..,..,..,..,..,..,..,..,..,..,..
2022,YR2022,Andorra,AND,..,..,..,..,..,..,..,..,..,..,..,..,..,..,..,..,..,..,..,..,..,..
2022,YR2022,Armenia,ARM,..,..,..,..,37000000,..,..,..,37000000,..,..,..,..,..,..,..,..,..,..,..,..,..
2022,YR2022,Austria,AUT,..,..,..,..,..,..,..,..,..,..,..,..,..,..,..,..,..,..,..,..,..,..
2022,YR2022,Azerbaijan,AZE,..,..,..,..,550000000,..,..,..,550000000,..,..,..,..,..,..,..,..,..,..,..,..,..
2022,YR2022,Belarus,BLR,..,..,..,..,..,..,..,..,..,..,..,..,..,..,..,..,..,..,..,..,..,..
2022,YR2022,Belgium,BEL,..,..,..,..,..,..,..,..,..,..,..,..,..,..,..,..,..,..,..,..,..,..
2022,YR2022,Bosnia and Herzegovina,BIH,..,..,..,..,..,..,..,..,..,..,..,..,..,..,..,..,..,..,..,..,..,..
2022,YR2022,Bulgaria,BGR,..,..,..,..,106390000,..,..,..,106390000,..,..,..,..,..,..,..,..,..,..,..,..,..
2022,YR2022,Channel Islands,CHI,..,..,..,..,..,..,..,..,..,..,..,..,..,..,..,..,..,..,..,..,..,..
2022,YR2022,Croatia,HRV,..,..,..,..,..,..,..,..,..,..,..,..,..,..,..,..,..,..,..,..,..,..
2022,YR2022,Cyprus,CYP,..,..,..,..,..,..,..,..,..,..,..,..,..,..,..,..,..,..,..,..,..,..
2022,YR2022,Czechia,CZE,..,..,..,..,..,..,..,..,..,..,..,..,..,..,..,..,..,..,..,..,..,..
2022,YR2022,Denmark,DNK,..,..,..,..,..,..,..,..,..,..,..,..,..,..,..,..,..,..,..,..,..,..
2022,YR2022,Estonia,EST,..,..,..,..,..,..,..,..,..,..,..,..,..,..,..,..,..,..,..,..,..,..
2022,YR2022,Faroe Islands,FRO,..,..,..,..,..,..,..,..,..,..,..,..,..,..,..,..,..,..,..,..,..,..
2022,YR2022,Finland,FIN,..,..,..,..,..,..,..,..,..,..,..,..,..,..,..,..,..,..,..,..,..,..
2022,YR2022,France,FRA,..,..,..,..,..,..,..,..,..,..,..,..,..,..,..,..,..,..,..,..,..,..
2022,YR2022,Georgia,GEO,..,..,..,..,..,..,..,..,..,..,..,..,..,..,..,..,..,..,..,..,..,..
2022,YR2022,Germany,DEU,..,..,..,..,..,..,..,..,..,..,..,..,..,..,..,..,..,..,..,..,..,..
2022,YR2022,Gibraltar,GIB,..,..,..,..,..,..,..,..,..,..,..,..,..,..,..,..,..,..,..,..,..,..
2022,YR2022,Greece,GRC,..,..,..,..,..,..,..,..,..,..,..,..,..,..,..,..,..,..,..,..,..,..
2022,YR2022,Greenland,GRL,..,..,..,..,..,..,..,..,..,..,..,..,..,..,..,..,..,..,..,..,..,..
2022,YR2022,Hungary,HUN,..,..,..,..,..,..,..,..,..,..,..,..,..,..,..,..,..,..,..,..,..,..
2022,YR2022,Iceland,ISL,..,..,..,..,..,..,..,..,..,..,..,..,..,..,..,..,..,..,..,..,..,..
2022,YR2022,Ireland,IRL,..,..,..,..,..,..,..,..,..,..,..,..,..,..,..,..,..,..,..,..,..,..
2022,YR2022,Isle of Man,IMN,..,..,..,..,..,..,..,..,..,..,..,..,..,..,..,..,..,..,..,..,..,..
2022,YR2022,Italy,ITA,..,..,..,..,..,..,..,..,..,..,..,..,..,..,..,..,..,..,..,..,..,..
2022,YR2022,Kazakhstan,KAZ,..,..,..,..,..,..,..,..,..,..,..,..,..,..,..,..,..,..,..,..,..,..
2022,YR2022,Kosovo,XKX,..,..,..,..,..,..,..,..,..,..,..,..,..,..,..,..,..,..,..,..,..,..
2022,YR2022,Kyrgyz Republic,KGZ,..,..,..,..,..,..,..,..,..,..,..,..,..,..,..,..,..,..,..,..,..,..
2022,YR2022,Latvia,LVA,..,..,..,..,..,..,..,..,..,..,..,..,..,..,..,..,..,..,..,..,..,..
2022,YR2022,Liechtenstein,LIE,..,..,..,..,..,..,..,..,..,..,..,..,..,..,..,..,..,..,..,..,..,..
2022,YR2022,Lithuania,LTU,..,..,..,..,..,..,..,..,..,..,..,..,..,..,..,..,..,..,..,..,..,..
2022,YR2022,Luxembourg,LUX,..,..,..,..,..,..,..,..,..,..,..,..,..,..,..,..,..,..,..,..,..,..
2022,YR2022,Moldova,MDA,..,..,..,..,..,..,..,..,..,..,..,..,..,..,..,..,..,..,..,..,..,..
2022,YR2022,Monaco,MCO,..,..,..,..,..,..,..,..,..,..,..,..,..,..,..,..,..,..,..,..,..,..
2022,YR2022,Montenegro,MNE,..,..,..,..,..,..,..,..,..,..,..,..,..,..,..,..,..,..,..,..,..,..
2022,YR2022,Netherlands,NLD,..,..,..,..,..,..,..,..,..,..,..,..,..,..,..,..,..,..,..,..,..,..
2022,YR2022,North Macedonia,MKD,..,..,..,..,..,..,..,..,..,..,..,..,..,..,..,..,..,..,..,..,..,..
2022,YR2022,Norway,NOR,..,..,..,..,..,..,..,..,..,..,..,..,..,..,..,..,..,..,..,..,..,..
2022,YR2022,Poland,POL,..,..,..,..,..,..,..,..,..,..,..,..,..,..,..,..,..,..,..,..,..,..
2022,YR2022,Portugal,PRT,..,..,..,..,..,..,..,..,..,..,..,..,..,..,..,..,..,..,..,..,..,..
2022,YR2022,Romania,ROU,..,..,..,..,..,..,..,..,..,..,..,..,..,..,..,..,..,..,..,..,..,..
2022,YR2022,Russian Federation,RUS,..,..,..,..,..,..,..,..,..,..,..,..,..,..,..,..,..,..,..,..,..,..
2022,YR2022,San Marino,SMR,..,..,..,..,..,..,..,..,..,..,..,..,..,..,..,..,..,..,..,..,..,..
2022,YR2022,Serbia,SRB,..,..,..,..,18460000,..,..,..,18460000,..,..,..,..,..,..,..,..,..,..,..,..,..
2022,YR2022,Slovak Republic,SVK,..,..,..,..,..,..,..,..,..,..,..,..,..,..,..,..,..,..,..,..,..,..
2022,YR2022,Slovenia,SVN,..,..,..,..,..,..,..,..,..,..,..,..,..,..,..,..,..,..,..,..,..,..
2022,YR2022,Spain,ESP,..,..,..,..,..,..,..,..,..,..,..,..,..,..,..,..,..,..,..,..,..,..
2022,YR2022,Sweden,SWE,..,..,..,..,..,..,..,..,..,..,..,..,..,..,..,..,..,..,..,..,..,..
2022,YR2022,Switzerland,CHE,..,..,..,..,..,..,..,..,..,..,..,..,..,..,..,..,..,..,..,..,..,..
2022,YR2022,Tajikistan,TJK,..,..,..,..,..,..,..,..,..,..,..,..,..,..,..,..,..,..,..,..,..,..
2022,YR2022,Turkiye,TUR,..,..,..,..,502000000,..,..,..,502000000,..,..,..,..,..,..,..,..,..,..,..,..,..
2022,YR2022,Turkmenistan,TKM,..,..,..,..,..,..,..,..,..,..,..,..,..,..,..,..,..,..,..,..,..,..
2022,YR2022,Ukraine,UKR,..,..,..,..,..,..,..,..,..,..,..,..,..,..,..,..,..,..,..,..,..,..
2022,YR2022,United Kingdom,GBR,..,..,..,..,..,..,..,..,..,..,..,..,..,..,..,..,..,..,..,..,..,..
2022,YR2022,Uzbekistan,UZB,..,..,..,..,1945400000,..,..,..,1945400000,..,..,..,..,..,..,..,..,..,..,..,..,..
2023,YR2023,European Union,EUU,..,..,..,..,..,..,..,..,..,..,..,..,..,..,..,..,..,..,..,..,..,..
2023,YR2023,Albania,ALB,..,..,..,..,..,..,..,..,..,..,..,..,..,..,..,..,..,..,..,..,..,..
2023,YR2023,Andorra,AND,..,..,..,..,..,..,..,..,..,..,..,..,..,..,..,..,..,..,..,..,..,..
2023,YR2023,Armenia,ARM,..,..,..,..,..,..,..,..,..,..,..,..,..,..,..,..,..,..,..,..,..,..
2023,YR2023,Austria,AUT,..,..,..,..,..,..,..,..,..,..,..,..,..,..,..,..,..,..,..,..,..,..
2023,YR2023,Azerbaijan,AZE,..,..,..,..,..,..,..,..,..,..,..,..,..,..,..,..,..,..,..,..,..,..
2023,YR2023,Belarus,BLR,..,..,..,..,..,..,..,..,..,..,..,..,..,..,..,..,..,..,..,..,..,..
2023,YR2023,Belgium,BEL,..,..,..,..,..,..,..,..,..,..,..,..,..,..,..,..,..,..,..,..,..,..
2023,YR2023,Bosnia and Herzegovina,BIH,..,..,..,..,..,..,..,..,..,..,..,..,..,..,..,..,..,..,..,..,..,..
2023,YR2023,Bulgaria,BGR,..,..,..,..,..,..,..,..,..,..,..,..,..,..,..,..,..,..,..,..,..,..
2023,YR2023,Channel Islands,CHI,..,..,..,..,..,..,..,..,..,..,..,..,..,..,..,..,..,..,..,..,..,..
2023,YR2023,Croatia,HRV,..,..,..,..,..,..,..,..,..,..,..,..,..,..,..,..,..,..,..,..,..,..
2023,YR2023,Cyprus,CYP,..,..,..,..,..,..,..,..,..,..,..,..,..,..,..,..,..,..,..,..,..,..
2023,YR2023,Czechia,CZE,..,..,..,..,..,..,..,..,..,..,..,..,..,..,..,..,..,..,..,..,..,..
2023,YR2023,Denmark,DNK,..,..,..,..,..,..,..,..,..,..,..,..,..,..,..,..,..,..,..,..,..,..
2023,YR2023,Estonia,EST,..,..,..,..,..,..,..,..,..,..,..,..,..,..,..,..,..,..,..,..,..,..
2023,YR2023,Faroe Islands,FRO,..,..,..,..,..,..,..,..,..,..,..,..,..,..,..,..,..,..,..,..,..,..
2023,YR2023,Finland,FIN,..,..,..,..,..,..,..,..,..,..,..,..,..,..,..,..,..,..,..,..,..,..
2023,YR2023,France,FRA,..,..,..,..,..,..,..,..,..,..,..,..,..,..,..,..,..,..,..,..,..,..
2023,YR2023,Georgia,GEO,..,..,..,..,..,..,..,..,..,..,..,..,..,..,..,..,..,..,..,..,..,..
2023,YR2023,Germany,DEU,..,..,..,..,..,..,..,..,..,..,..,..,..,..,..,..,..,..,..,..,..,..
2023,YR2023,Gibraltar,GIB,..,..,..,..,..,..,..,..,..,..,..,..,..,..,..,..,..,..,..,..,..,..
2023,YR2023,Greece,GRC,..,..,..,..,..,..,..,..,..,..,..,..,..,..,..,..,..,..,..,..,..,..
2023,YR2023,Greenland,GRL,..,..,..,..,..,..,..,..,..,..,..,..,..,..,..,..,..,..,..,..,..,..
2023,YR2023,Hungary,HUN,..,..,..,..,..,..,..,..,..,..,..,..,..,..,..,..,..,..,..,..,..,..
2023,YR2023,Iceland,ISL,..,..,..,..,..,..,..,..,..,..,..,..,..,..,..,..,..,..,..,..,..,..
2023,YR2023,Ireland,IRL,..,..,..,..,..,..,..,..,..,..,..,..,..,..,..,..,..,..,..,..,..,..
2023,YR2023,Isle of Man,IMN,..,..,..,..,..,..,..,..,..,..,..,..,..,..,..,..,..,..,..,..,..,..
2023,YR2023,Italy,ITA,..,..,..,..,..,..,..,..,..,..,..,..,..,..,..,..,..,..,..,..,..,..
2023,YR2023,Kazakhstan,KAZ,..,..,..,..,..,..,..,..,..,..,..,..,..,..,..,..,..,..,..,..,..,..
2023,YR2023,Kosovo,XKX,..,..,..,..,..,..,..,..,..,..,..,..,..,..,..,..,..,..,..,..,..,..
2023,YR2023,Kyrgyz Republic,KGZ,..,..,..,..,..,..,..,..,..,..,..,..,..,..,..,..,..,..,..,..,..,..
2023,YR2023,Latvia,LVA,..,..,..,..,..,..,..,..,..,..,..,..,..,..,..,..,..,..,..,..,..,..
2023,YR2023,Liechtenstein,LIE,..,..,..,..,..,..,..,..,..,..,..,..,..,..,..,..,..,..,..,..,..,..
2023,YR2023,Lithuania,LTU,..,..,..,..,..,..,..,..,..,..,..,..,..,..,..,..,..,..,..,..,..,..
2023,YR2023,Luxembourg,LUX,..,..,..,..,..,..,..,..,..,..,..,..,..,..,..,..,..,..,..,..,..,..
2023,YR2023,Moldova,MDA,..,..,..,..,..,..,..,..,..,..,..,..,..,..,..,..,..,..,..,..,..,..
2023,YR2023,Monaco,MCO,..,..,..,..,..,..,..,..,..,..,..,..,..,..,..,..,..,..,..,..,..,..
2023,YR2023,Montenegro,MNE,..,..,..,..,..,..,..,..,..,..,..,..,..,..,..,..,..,..,..,..,..,..
2023,YR2023,Netherlands,NLD,..,..,..,..,..,..,..,..,..,..,..,..,..,..,..,..,..,..,..,..,..,..
2023,YR2023,North Macedonia,MKD,..,..,..,..,..,..,..,..,..,..,..,..,..,..,..,..,..,..,..,..,..,..
2023,YR2023,Norway,NOR,..,..,..,..,..,..,..,..,..,..,..,..,..,..,..,..,..,..,..,..,..,..
2023,YR2023,Poland,POL,..,..,..,..,..,..,..,..,..,..,..,..,..,..,..,..,..,..,..,..,..,..
2023,YR2023,Portugal,PRT,..,..,..,..,..,..,..,..,..,..,..,..,..,..,..,..,..,..,..,..,..,..
2023,YR2023,Romania,ROU,..,..,..,..,..,..,..,..,..,..,..,..,..,..,..,..,..,..,..,..,..,..
2023,YR2023,Russian Federation,RUS,..,..,..,..,..,..,..,..,..,..,..,..,..,..,..,..,..,..,..,..,..,..
2023,YR2023,San Marino,SMR,..,..,..,..,..,..,..,..,..,..,..,..,..,..,..,..,..,..,..,..,..,..
2023,YR2023,Serbia,SRB,..,..,..,..,..,..,..,..,..,..,..,..,..,..,..,..,..,..,..,..,..,..
2023,YR2023,Slovak Republic,SVK,..,..,..,..,..,..,..,..,..,..,..,..,..,..,..,..,..,..,..,..,..,..
2023,YR2023,Slovenia,SVN,..,..,..,..,..,..,..,..,..,..,..,..,..,..,..,..,..,..,..,..,..,..
2023,YR2023,Spain,ESP,..,..,..,..,..,..,..,..,..,..,..,..,..,..,..,..,..,..,..,..,..,..
2023,YR2023,Sweden,SWE,..,..,..,..,..,..,..,..,..,..,..,..,..,..,..,..,..,..,..,..,..,..
2023,YR2023,Switzerland,CHE,..,..,..,..,..,..,..,..,..,..,..,..,..,..,..,..,..,..,..,..,..,..
2023,YR2023,Tajikistan,TJK,..,..,..,..,..,..,..,..,..,..,..,..,..,..,..,..,..,..,..,..,..,..
2023,YR2023,Turkiye,TUR,..,..,..,..,..,..,..,..,..,..,..,..,..,..,..,..,..,..,..,..,..,..
2023,YR2023,Turkmenistan,TKM,..,..,..,..,..,..,..,..,..,..,..,..,..,..,..,..,..,..,..,..,..,..
2023,YR2023,Ukraine,UKR,..,..,..,..,..,..,..,..,..,..,..,..,..,..,..,..,..,..,..,..,..,..
2023,YR2023,United Kingdom,GBR,..,..,..,..,..,..,..,..,..,..,..,..,..,..,..,..,..,..,..,..,..,..
2023,YR2023,Uzbekistan,UZB,..,..,..,..,..,..,..,..,..,..,..,..,..,..,..,..,..,..,..,..,..,..
,,,,,,,,,,,,,,,,,,,,,,,,,
,,,,,,,,,,,,,,,,,,,,,,,,,
,,,,,,,,,,,,,,,,,,,,,,,,,
Data from database: World Development Indicators,,,,,,,,,,,,,,,,,,,,,,,,,
Last Updated: 03/28/2024,,,,,,,,,,,,,,,,,,,,,,,,,
Code,License Type,Indicator Name,Short definition,Long definition,Source,Topic,Periodicity,Base Period,Aggregation method,Statistical concept and methodology,Development relevance,Limitations and exceptions,General comments,License URL
EG.FEC.RNEW.ZS,CC BY-4.0,Renewable energy consumption (% of total final energy consumption),,Renewable energy consumption is the share of renewables energy in total final energy consumption.,"IEA, IRENA, UNSD, World Bank, WHO. 2023. Tracking SDG 7: The Energy Progress Report. World Bank, Washington DC. © World Bank. License: Creative Commons Attribution—NonCommercial 3.0 IGO (CC BY-NC 3.0 IGO).",Environment: Energy production & use,Annual,,Weighted average,,,,,https://datacatalog.worldbank.org/public-licenses#cc-by
EN.ATM.METH.EG.ZS,CC BY-4.0,Energy related methane emissions (% of total),,"Methane emissions from energy processes are emissions from the production, handling, transmission, and combustion of fossil fuels and biofuels.","World Bank staff estimates from original source: European Commission, Joint Research Centre (JRC)/Netherlands Environmental Assessment Agency (PBL). Emission Database for Global Atmospheric Research (EDGAR): http://edgar.jrc.ec.europa.eu/.",Environment: Emissions,Annual,,Weighted average,"IPCC category 1 = Energy. Methane emissions result largely from agricultural activities, industrial production landfills and wastewater treatment, and other sources such as tropical forest and other vegetation fires. The emissions are usually expressed in carbon dioxide equivalents using the global warming potential, which allows the effective contributions of different gases to be compared. A kilogram of methane is 21 times as effective at trapping heat in the earth's atmosphere as a kilogram of carbon dioxide within 100 years. The emissions are usually expressed in carbon dioxide equivalents using the global warming potential, which allows the effective contributions of different gases to be compared.","The addition of man-made greenhouse gases to the Atmosphere disturbs the earth's radiative balance. This is leading to an increase in the earth's surface temperature and to related effects on climate, sea level rise and world agriculture. Emissions of CO2 are from burning oil, coal and gas for energy use, burning wood and waste materials, and from industrial processes such as cement production. Emission intensity is the average emission rate of a given pollutant from a given source relative to the intensity of a specific activity. Emission intensities are also used to compare the environmental impact of different fuels or activities. The related terms - emission factor and carbon intensity - are often used interchangeably.

The carbon dioxide emissions of a country are only an indicator of one greenhouse gas. For a more complete idea of how a country influences climate change, gases such as methane and nitrous oxide should be taken into account. This is particularly important in agricultural economies.

The environmental effects of carbon dioxide are of significant interest. Carbon dioxide (CO2) makes up the largest share of the greenhouse gases contributing to global warming and climate change. Converting all other greenhouse gases (methane (CH4), nitrous oxide (N2O), hydrofluorocarbons (HFCs), perfluorocarbons (PFCs), Sulphur hexafluoride (SF6)) to carbon dioxide (or CO2) equivalents makes it possible to compare them and to determine their individual and total contributions to global warming. The Kyoto Protocol, an environmental agreement adopted in 1997 by many of the parties to the United Nations Framework Convention on Climate Change (UNFCCC), is working towards curbing CO2 emissions globally.","National reporting to the United Nations Framework Convention on Climate Change that follows the Intergovernmental Panel on Climate Change guidelines is based on national emission inventories and covers all sources of anthropogenic carbon dioxide emissions as well as carbon sinks (such as forests). To estimate emissions, the countries that are Parties to the Climate Change Convention (UNFCCC) use complex, state-of-the-art methodologies recommended by the Intergovernmental Panel on Climate Change (IPCC).",,https://datacatalog.worldbank.org/public-licenses#cc-by
EG.USE.COMM.FO.ZS,Use and distribution of these data are subject to IEA terms and conditions.,Fossil fuel energy consumption (% of total),,"Fossil fuel comprises coal, oil, petroleum, and natural gas products.","IEA Statistics © OECD/IEA 2014 (https://www.iea.org/data-and-statistics), subject to https://www.iea.org/terms/",Environment: Energy production & use,Annual,,Weighted average,Energy data are compiled by the International Energy Agency (IEA). IEA data for economies that are not members of the Organisation for Economic Co-operation and Development (OECD) are based on national energy data adjusted to conform to annual questionnaires completed by OECD member governments.

Data for combustible renewables and waste are often based on small surveys or other incomplete information and thus give only a broad impression of developments and are not strictly comparable across countries. The IEA reports include country notes that explain some of these differences. All forms of energy - primary energy and primary electricity - are converted into oil equivalents. A notional thermal efficiency of 33 percent is assumed for converting nuclear electricity into oil equivalents and 100 percent efficiency for converting hydroelectric power.,"Fossil fuels are non-renewable resources because they take millions of years to form, and reserves are being depleted much faster than new ones are being made. In developing economies growth in energy use is closely related to growth in the modern sectors - industry, motorized transport, and urban areas - but energy use also reflects climatic, geographic, and economic factors (such as the relative price of energy). Energy use has been growing rapidly in low- and middle-income economies, but high-income economies still use almost five times as much energy on a per capita basis.

Total energy use refers to the use of primary energy before transformation to other end-use fuels (such as electricity and refined petroleum products). It includes energy from combustible renewables and waste - solid biomass and animal products, gas and liquid from biomass, and industrial and municipal waste. Biomass is any plant matter used directly as fuel or converted into fuel, heat, or electricity.","The IEA makes these estimates in consultation with national statistical offices, oil companies, electric utilities, and national energy experts. The IEA occasionally revises its time series to reflect political changes, and energy statistics undergo continual changes in coverage or methodology as more detailed energy accounts become available. Breaks in series are therefore unavoidable.",Restricted use: Please contact the International Energy Agency for third-party use of these data.,https://www.iea.org/terms
EG.USE.COMM.GD.PP.KD,Use and distribution of these data are subject to IEA terms and conditions.,"Energy use (kg of oil equivalent) per $1,000 GDP (constant 2017 PPP)",,"Energy use per PPP GDP is the kilogram of oil equivalent of energy use per constant PPP GDP. Energy use refers to use of primary energy before transformation to other end-use fuels, which is equal to indigenous production plus imports and stock changes, minus exports and fuels supplied to ships and aircraft engaged in international transport. PPP GDP is gross domestic product converted to 2017 constant international dollars using purchasing power parity rates. An international dollar has the same purchasing power over GDP as a U.S. dollar has in the United States.","IEA Statistics © OECD/IEA 2014 (https://www.iea.org/data-and-statistics), subject to https://www.iea.org/terms/",Environment: Energy production & use,Annual,2017,Weighted average,,,,Restricted use: Please contact the International Energy Agency for third-party use of these data.,https://www.iea.org/terms
IE.PPI.ENGY.CD,CC BY-4.0,Investment in energy with private participation (current US$),"Investment in energy with private participation is the value of commitments to energy projects that have reached financial closure and directly or indirectly serve the public, including lease and management contracts, operation and management contracts with major capital expenditure, greenfield projects (in which a private entity or public-private joint venture builds and operates a new facility), and divestitures. Movable assets and small projects such as windmills are excluded.","Investment in energy projects with private participation  refers to commitments to  infrastructure projects in energy (electricity and natural gas: generation, transmission and distribution) that have reached financial closure and directly or indirectly serve the public. Movable assets and small projects such as windmills are excluded. The types of projects included are management and lease contracts, operations and management contracts with major capital expenditure, greenfield projects (in which a private entity or a public-private joint venture builds and operates a new facility), and divestitures. Investment commitments are the sum of investments in facilities and investments in government assets. Investments in facilities are the resources the project company commits to invest during the contract period either in new facilities or in expansion and modernization of existing facilities. Investments in government assets are the resources the project company spends on acquiring government assets such as state-owned enterprises, rights to provide services in a specific area, or the use of specific radio spectrums. Data is presented based on investment year. Data are in current U.S. dollars.","World Bank, Private Participation in Infrastructure Project Database (http://ppi.worldbank.org).",Private Sector & Trade: Private infrastructure investment,Annual,,Sum,"The data are from the World Bank's Private Participation in Infrastructure (PPI) Project database, which tracks infrastructure projects with private participation in developing countries. It provides information on more than 5,000 infrastructure projects in 139 developing economies from 1984. The database contains more than 30 fields per project record, including country, financial closure year, infrastructure services provided, type of private participation, investment, technology, capacity, project location, contract duration, private sponsors, bidding process, and development bank support.

The database is a joint product of the World Bank's Finance, Economics, and Urban Development Department and the Public-Private Infrastructure Advisory Facility. Geographic and income aggregates are calculated by the World Bank's Development Data Group.

Data are in current U.S. dollars.","Investment in infrastructure projects with private participation has made important contributions to easing fiscal constraints, improving the efficiency of infrastructure services, and extending delivery to poor people. Developing countries have been in the forefront, pioneering better approaches to infrastructure services and reaping the benefits of greater competition and customer focus. Entrepreneurship is essential to the dynamism of the modern market economy, and a greater entry density of new businesses can foster competition and economic growth.

Private sector development and investment - tapping private sector initiative and investment for socially useful purposes - are critical for poverty reduction. In parallel with public sector efforts, private investment, especially in competitive markets, has tremendous potential to contribute to growth. Private markets are the engine of productivity growth, creating productive jobs and higher incomes. And with government playing a complementary role of regulation, funding, and service provision, private initiative and investment can help provide the basic services and conditions that empower poor people - by improving health, education, and infrastructure.","The data on investment in infrastructure projects with private participation refer to all investment (public and private) in projects in which a private company assumes operating risk during the operating period or development and operating risk during the contract period. Investment refers to commitments not disbursements. Foreign state-owned companies are considered private entities for the purposes of this measure.

Investment commitments are the sum of investments in physical assets and payments to the government. Investments in physical assets are resources the project company commits to invest during the contract period in new facilities or in expansion and modernization of existing facilities. Payments to the government are the resources the project company spends on acquiring government assets such as state-owned enterprises, rights to provide services in a specific area, or use of specific radio spectrums. Data on the projects are compiled from publicly available information. The database aims to be as comprehensive as possible, but some projects - particularly those involving local and small-scale operators - may be omitted because they are not publicly reported.",,https://datacatalog.worldbank.org/public-licenses#cc-by
EN.ATM.METH.EG.KT.CE,Attribution-NonCommercial 4.0 International (CC BY-NC 4.0),Methane emissions in energy sector (thousand metric tons of CO2 equivalent),,"Methane emissions from energy processes are emissions from the production, handling, transmission, and combustion of fossil fuels and biofuels.","Climate Watch Historical GHG Emissions (1990-2020). 2023. Washington, DC: World Resources Institute. Available online at: https://www.climatewatchdata.org/ghg-emissions",Environment: Emissions,Annual,,Sum,"IPCC category 1 = Energy. Expressed in CO2 equivalent using the GWP100 metric of the Second Assessment Report of IPCC and include CH4 (GWP100=21). Methane emissions are those stemming from human activities such as agriculture and from industrial methane production. The emissions are usually expressed in carbon dioxide equivalents using the global warming potential, which allows the effective contributions of different gases to be compared. A kilogram of methane is 21 times as effective at trapping heat in the earth's atmosphere as a kilogram of carbon dioxide within 100 years. The unit of measurement is kt (kiloton) of carbon dioxide equivalent.","The addition of man-made greenhouse gases to the Atmosphere disturbs the earth's radiative balance. This is leading to an increase in the earth's surface temperature and to related effects on climate, sea level rise and world agriculture. Emissions of CO2 are from burning oil, coal and gas for energy use, burning wood and waste materials, and from industrial processes such as cement production. Emission intensity is the average emission rate of a given pollutant from a given source relative to the intensity of a specific activity. Emission intensities are also used to compare the environmental impact of different fuels or activities. The related terms - emission factor and carbon intensity - are often used interchangeably.

The carbon dioxide emissions of a country are only an indicator of one greenhouse gas. For a more complete idea of how a country influences climate change, gases such as methane and nitrous oxide should be taken into account. This is particularly important in agricultural economies.

The environmental effects of carbon dioxide are of significant interest. Carbon dioxide (CO2) makes up the largest share of the greenhouse gases contributing to global warming and climate change. Converting all other greenhouse gases (methane (CH4), nitrous oxide (N2O), hydrofluorocarbons (HFCs), perfluorocarbons (PFCs), Sulphur hexafluoride (SF6)) to carbon dioxide (or CO2) equivalents makes it possible to compare them and to determine their individual and total contributions to global warming. The Kyoto Protocol, an environmental agreement adopted in 1997 by many of the parties to the United Nations Framework Convention on Climate Change (UNFCCC), is working towards curbing CO2 emissions globally.",This series excludes Land-use Change & Forestry (LUCF). 

The world data includes international bunker fuel-related emissions and emissions from territories not part of the United Nations Framework Convention on Climate Change (UNFCCC).,,https://creativecommons.org/licenses/by-nc/4.0/
EN.ATM.NOXE.EG.ZS,CC BY-4.0,Nitrous oxide emissions in energy sector (% of total),,Nitrous oxide emissions from energy processes are emissions produced by the combustion of fossil fuels and biofuels.,"World Bank staff estimates from original source: European Commission, Joint Research Centre (JRC)/Netherlands Environmental Assessment Agency (PBL). Emission Database for Global Atmospheric Research (EDGAR): http://edgar.jrc.ec.europa.eu/.",Environment: Emissions,Annual,,Weighted average,"Nitrous oxide emissions are mainly from fossil fuel combustion, fertilizers, rainforest fires, and animal waste. Nitrous oxide is a powerful greenhouse gas, with an estimated atmospheric lifetime of 114 years, compared with 12 years for methane. The per kilogram global warming potential of nitrous oxide is nearly 310 times that of carbon dioxide within 100 years. The emissions are usually expressed in carbon dioxide equivalents using the global warming potential, which allows the effective contributions of different gases to be compared.","The addition of man-made greenhouse gases to the Atmosphere disturbs the earth's radiative balance. This is leading to an increase in the earth's surface temperature and to related effects on climate, sea level rise and world agriculture. Emissions of CO2 are from burning oil, coal and gas for energy use, burning wood and waste materials, and from industrial processes such as cement production. Emission intensity is the average emission rate of a given pollutant from a given source relative to the intensity of a specific activity. Emission intensities are also used to compare the environmental impact of different fuels or activities. The related terms - emission factor and carbon intensity - are often used interchangeably.

The carbon dioxide emissions of a country are only an indicator of one greenhouse gas. For a more complete idea of how a country influences climate change, gases such as methane and nitrous oxide should be taken into account. This is particularly important in agricultural economies.

The environmental effects of carbon dioxide are of significant interest. Carbon dioxide (CO2) makes up the largest share of the greenhouse gases contributing to global warming and climate change. Converting all other greenhouse gases (methane (CH4), nitrous oxide (N2O), hydrofluorocarbons (HFCs), perfluorocarbons (PFCs), Sulphur hexafluoride (SF6)) to carbon dioxide (or CO2) equivalents makes it possible to compare them and to determine their individual and total contributions to global warming. The Kyoto Protocol, an environmental agreement adopted in 1997 by many of the parties to the United Nations Framework Convention on Climate Change (UNFCCC), is working towards curbing CO2 emissions globally.","National reporting to the United Nations Framework Convention on Climate Change that follows the Intergovernmental Panel on Climate Change guidelines is based on national emission inventories and covers all sources of anthropogenic carbon dioxide emissions as well as carbon sinks (such as forests). To estimate emissions, the countries that are Parties to the Climate Change Convention (UNFCCC) use complex, state-of-the-art methodologies recommended by the Intergovernmental Panel on Climate Change (IPCC).",,https://datacatalog.worldbank.org/public-licenses#cc-by
EN.ATM.NOXE.EG.KT.CE,Attribution-NonCommercial 4.0 International (CC BY-NC 4.0),Nitrous oxide emissions in energy sector (thousand metric tons of CO2 equivalent),,Nitrous oxide emissions from energy processes are emissions produced by the combustion of fossil fuels and biofuels.,"Climate Watch Historical GHG Emissions (1990-2020). 2023. Washington, DC: World Resources Institute. Available online at: https://www.climatewatchdata.org/ghg-emissions",Environment: Emissions,Annual,,Sum,"IPCC category 1 = Energy. Expressed in CO2 equivalent using the GWP100 metric of the Second Assessment Report of IPCC and include N2O (GWP100=310). Nitrous oxide emissions are mainly from fossil fuel combustion, fertilizers, rainforest fires, and animal waste. Nitrous oxide is a powerful greenhouse gas, with an estimated atmospheric lifetime of 114 years, compared with 12 years for methane. The per kilogram global warming potential of nitrous oxide is nearly 310 times that of carbon dioxide within 100 years. The emissions are usually expressed in carbon dioxide equivalents using the global warming potential, which allows the effective contributions of different gases to be compared.","The addition of man-made greenhouse gases to the Atmosphere disturbs the earth's radiative balance. This is leading to an increase in the earth's surface temperature and to related effects on climate, sea level rise and world agriculture. Emissions of CO2 are from burning oil, coal and gas for energy use, burning wood and waste materials, and from industrial processes such as cement production. Emission intensity is the average emission rate of a given pollutant from a given source relative to the intensity of a specific activity. Emission intensities are also used to compare the environmental impact of different fuels or activities. The related terms - emission factor and carbon intensity - are often used interchangeably.

The carbon dioxide emissions of a country are only an indicator of one greenhouse gas. For a more complete idea of how a country influences climate change, gases such as methane and nitrous oxide should be taken into account. This is particularly important in agricultural economies.

The environmental effects of carbon dioxide are of significant interest. Carbon dioxide (CO2) makes up the largest share of the greenhouse gases contributing to global warming and climate change. Converting all other greenhouse gases (methane (CH4), nitrous oxide (N2O), hydrofluorocarbons (HFCs), perfluorocarbons (PFCs), Sulphur hexafluoride (SF6)) to carbon dioxide (or CO2) equivalents makes it possible to compare them and to determine their individual and total contributions to global warming. The Kyoto Protocol, an environmental agreement adopted in 1997 by many of the parties to the United Nations Framework Convention on Climate Change (UNFCCC), is working towards curbing CO2 emissions globally.",This series excludes Land-use Change & Forestry (LUCF). 

The world data includes international bunker fuel-related emissions and emissions from territories not part of the United Nations Framework Convention on Climate Change (UNFCCC).,,https://creativecommons.org/licenses/by-nc/4.0/
IE.PPN.ENGY.CD,CC BY-4.0,Public private partnerships investment in energy (current US$),"Public Private Partnerships in energy (current US$)  is the value of commitments to energy projects that have reached financial closure and directly or indirectly serve the public, including lease and management contracts, operation and management contracts with major capital expenditure, and greenfield projects (in which a private entity or public-private joint venture builds and operates a new facility). It excludes divestitures and merchant projects. Movable assets and small projects are excluded.","Public Private Partnerships in energy (current US$)  refers to commitments to  infrastructure projects in energy (electricity and natural gas transmission and distribution) that have reached financial closure and directly or indirectly serve the public. Movable assets and small projects such as windmills are excluded. The types of projects included are  management and lease contracts, operations and management contracts with major capital expenditure, and greenfield projects (in which a private entity or a public-private joint venture builds and operates a new facility). It excludes divestitures and merchant projects. Investment commitments are the sum of investments in facilities and investments in government assets. Investments in facilities are the resources the project company commits to invest during the contract period either in new facilities or in expansion and modernization of existing facilities. Investments in government assets are the resources the project company spends on acquiring government assets such as state-owned enterprises, rights to provide services in a specific area, or the use of specific radio spectrums. Data is presented based on investment year. Data are in current U.S. dollars.","World Bank, Private Participation in Infrastructure Project Database (http://ppi.worldbank.org).",Private Sector & Trade: Private infrastructure investment,Annual,,Sum,"The data are from the World Bank's Private Participation in Infrastructure (PPI) Project database, which tracks infrastructure projects with private participation in developing countries. It provides information on more than 6,400 infrastructure projects in 139 developing economies from 1984. The database contains more than 30 fields per project record, including country, financial closure year, infrastructure services provided, type of private participation, investment, technology, capacity, project location, contract duration, private sponsors, bidding process, and development bank support.

The database is a joint product of the World Bank's Finance, Economics, and Urban Development Department and the Public-Private Infrastructure Advisory Facility. Geographic and income aggregates are calculated by the World Bank's Development Data Group.

Data are in current U.S. dollars.","Investment in infrastructure projects with private participation has made important contributions to improving the efficiency of infrastructure services, and extending delivery to poor people. Developing countries have been in the forefront, looking for better approaches to infrastructure services and reaping the benefits of greater competition and customer focus. Entrepreneurship is essential to the dynamism of the modern market economy, and a greater entry density of new businesses can foster competition and economic growth.

Private sector development and investment - tapping private sector initiative and investment for socially useful purposes - are critical for poverty reduction. In parallel with public sector efforts, private investment, especially in competitive markets, has tremendous potential to contribute to growth. Private markets are the engine of productivity growth, creating productive jobs and higher incomes. And with government playing a complementary role of regulation, funding, and service provision, private initiative and investment can help provide the basic services and conditions that empower poor people - by improving health, education, and infrastructure.","The data on investment in infrastructure projects with private participation refer to all investment commitments (public and private) in projects in which a private company assumes operating risk during the operating period or development and operating risk during the contract period. Investment refers to commitments not disbursements. Foreign state-owned companies are considered private entities for the purposes of this measure.

Movable assets and small projects are excluded. The types of projects included are operations and management contracts, operations and management contracts with major capital expenditure, greenfield projects (in which a private entity or a public-private joint venture builds and operates a new facility), and divestitures. Investment commitments are the sum of investments in facilities and investments in government assets. Investments in facilities are the resources the project company commits to invest during the contract period either in new facilities or in expansion and modernization of existing facilities. Investments in government assets are the resources the project company spends on acquiring government assets such as state-owned enterprises, rights to provide services in a specific area, or the use of specific radio spectrums. Data on the projects are compiled from publicly available information. The database aims to be as comprehensive as possible, but some projects - particularly those involving local and small-scale operators - may be omitted because they are not publicly reported.",,https://datacatalog.worldbank.org/public-licenses#cc-by
EG.ELC.RNWX.ZS,Use and distribution of these data are subject to IEA terms and conditions.,"Electricity production from renewable sources, excluding hydroelectric (% of total)",,"Electricity production from renewable sources, excluding hydroelectric, includes geothermal, solar, tides, wind, biomass, and biofuels.","IEA Statistics © OECD/IEA 2014 (https://www.iea.org/data-and-statistics), subject to https://www.iea.org/terms/",Environment: Energy production & use,Annual,,Weighted average,"Electricity production from renewable sources (% of total) is the share of electricity produced by geothermal, solar photovoltaic, solar thermal, tide, wind, industrial waste, municipal waste, primary solid biofuels, biogases, biogasoline, biodiesels, other liquid biofuels, nonspecified primary biofuels and waste, and charcoal in total electricity production which is the total number of GWh generated by power plants separated into electricity plants and CHP plants. Hydropower is excluded. The International Energy Agency (IEA) compiles data on energy inputs used to generate electricity. IEA data for countries that are not members of the Organisation for Economic Co-operation and Development (OECD) are based on national energy data adjusted to conform to annual questionnaires completed by OECD member governments. In addition, estimates are sometimes made to complete major aggregates from which key data are missing, and adjustments are made to compensate for differences in definitions. The IEA makes these estimates in consultation with national statistical offices, oil companies, electric utilities, and national energy experts.",,"IEA occasionally revises its time series to reflect political changes. For example, the IEA has constructed historical energy statistics for countries of the former Soviet Union. In addition, energy statistics for other countries have undergone continuous changes in coverage or methodology in recent years as more detailed energy accounts have become available. Breaks in series are therefore unavoidable.",Restricted use: Please contact the International Energy Agency for third-party use of these data.,https://www.iea.org/terms
EG.USE.CRNW.ZS,Use and distribution of these data are subject to IEA terms and conditions.,Combustible renewables and waste (% of total energy),,"Combustible renewables and waste comprise solid biomass, liquid biomass, biogas, industrial waste, and municipal waste, measured as a percentage of total energy use.","IEA Statistics © OECD/IEA 2014 (https://www.iea.org/data-and-statistics), subject to https://www.iea.org/terms/",Environment: Energy production & use,Annual,,Weighted average,Energy data are compiled by the International Energy Agency (IEA). IEA data for economies that are not members of the Organisation for Economic Co-operation and Development (OECD) are based on national energy data adjusted to conform to annual questionnaires completed by OECD member governments.

Data for combustible renewables and waste are often based on small surveys or other incomplete information and thus give only a broad impression of developments and are not strictly comparable across countries. The IEA reports include country notes that explain some of these differences. All forms of energy - primary energy and primary electricity - are converted into oil equivalents. A notional thermal efficiency of 33 percent is assumed for converting nuclear electricity into oil equivalents and 100 percent efficiency for converting hydroelectric power.,"Total energy use refers to the use of primary energy before transformation to other end-use fuels (such as electricity and refined petroleum products). It includes energy from combustible renewables and waste - solid biomass and animal products, gas and liquid from biomass, and industrial and municipal waste. Biomass is any plant matter used directly as fuel or converted into fuel, heat, or electricity.

Renewable energy is derived from natural processes (e.g. sunlight and wind) that are replenished at a higher rate than they are consumed. Solar, wind, geothermal, hydro, and biomass are common sources of renewable energy. Majority of renewable energy in the world is from solid biofuels and hydroelectricity.

Renewable sources of energy have been the driver of much of the growth in the global clean energy sector in the past few decades. Recent years have seen a major scale-up of wind and solar photovoltaic (PV) technologies. Other renewable technologies - including hydropower, geothermal and biomass - continued to grow from a strong established base, adding hundreds of gigawatts of new capacity worldwide.

Governments in many countries are increasingly aware of the urgent need to make better use of the world's energy resources. Improved energy efficiency is often the most economic and readily available means of improving energy security and reducing greenhouse gas emissions.","The IEA makes these estimates in consultation with national statistical offices, oil companies, electric utilities, and national energy experts. The IEA occasionally revises its time series to reflect political changes, and energy statistics undergo continual changes in coverage or methodology as more detailed energy accounts become available. Breaks in series are therefore unavoidable.",Restricted use: Please contact the International Energy Agency for third-party use of these data.,https://www.iea.org/terms
EG.ELC.HYRO.ZS,Use and distribution of these data are subject to IEA terms and conditions.,Electricity production from hydroelectric sources (% of total),,Sources of electricity refer to the inputs used to generate electricity. Hydropower refers to electricity produced by hydroelectric power plants.,"IEA Statistics © OECD/IEA 2014 (https://www.iea.org/data-and-statistics), subject to https://www.iea.org/terms/",Environment: Energy production & use,Annual,,Weighted average,"Electricity production is total number of kWh generated by power plants separated into electricity plants and CHP plants. The International Energy Agency (IEA) compiles data on energy inputs used to generate electricity. IEA data for countries that are not members of the Organisation for Economic Co-operation and Development (OECD) are based on national energy data adjusted to conform to annual questionnaires completed by OECD member governments. In addition, estimates are sometimes made to complete major aggregates from which key data are missing, and adjustments are made to compensate for differences in definitions. The IEA makes these estimates in consultation with national statistical offices, oil companies, electric utilities, and national energy experts.","Electrical energy from hydropower is derived from turbines being driven by flowing water in rivers, with or without man-made dams forming reservoirs. Presently, hydropower is the world's largest source of renewable electricity. Hydropower represents the largest share of renewable electricity production. It was second only to wind power for new-built capacities between 2005 and 2010. IEA estimates that hydropower could produce up to 6,000 terawatt-hours in 2050, roughly twice as much as today.

Hydropower's storage capacity and fast response characteristics are especially valuable to meet sudden fluctuations in electricity demand and to match supply from less flexible electricity sources and variable renewable sources, such as solar photovoltaic (PV) and wind power.

Use of energy is important in improving people's standard of living. But electricity generation also can damage the environment. Whether such damage occurs depends largely on how electricity is generated. For example, burning coal releases twice as much carbon dioxide - a major contributor to global warming - as does burning an equivalent amount of natural gas.

Anthropogenic carbon dioxide emissions result primarily from fossil fuel combustion and cement manufacturing. In combustion different fossil fuels release different amounts of carbon dioxide for the same level of energy use: oil releases about 50 percent more carbon dioxide than natural gas, and coal releases about twice as much. Nuclear energy does not generate carbon dioxide emissions, but it produces other dangerous waste products.","IEA occasionally revises its time series to reflect political changes. For example, the IEA has constructed historical energy statistics for countries of the former Soviet Union. In addition, energy statistics for other countries have undergone continuous changes in coverage or methodology in recent years as more detailed energy accounts have become available. Breaks in series are therefore unavoidable.","Electricity production shares may not sum to 100 percent because other sources of generated electricity (such as geothermal, solar, and wind) are not shown. Restricted use: Please contact the International Energy Agency for third-party use of these data.",https://www.iea.org/terms
EG.ELC.NUCL.ZS,Use and distribution of these data are subject to IEA terms and conditions.,Electricity production from nuclear sources (% of total),,Sources of electricity refer to the inputs used to generate electricity. Nuclear power refers to electricity produced by nuclear power plants.,"IEA Statistics © OECD/IEA 2014 (https://www.iea.org/data-and-statistics), subject to https://www.iea.org/terms/",Environment: Energy production & use,Annual,,Weighted average,"Electricity production from nuclear sources (% of total) is the share of electricity produced by nuclear power plants in total electricity production which is the total number of GWh generated by power plants separated into electricity plants and CHP plants. The International Energy Agency (IEA) compiles data on energy inputs used to generate electricity. IEA data for countries that are not members of the Organisation for Economic Co-operation and Development (OECD) are based on national energy data adjusted to conform to annual questionnaires completed by OECD member governments. In addition, estimates are sometimes made to complete major aggregates from which key data are missing, and adjustments are made to compensate for differences in definitions. The IEA makes these estimates in consultation with national statistical offices, oil companies, electric utilities, and national energy experts.","The generation of electricity using nuclear energy was first demonstrated in the 1950s, and the first commercial nuclear power plants entered operation in the early 1960s. Nuclear capacity grew rapidly in the 1970s and 1980s as countries sought to reduce dependence on fossil fuels, especially after the oil crises of the 1970s. There was a renewed interest in nuclear energy from 2000, and 60 new countries expressed interest in launching a nuclear program to the International Atomic Energy Agency (IAEA). However, after the earthquake and tsunami devastation of the Pacific coast of northern Japan, most nuclear countries announced safety reviews of their nuclear reactors (stress tests) and the revision/improvement of their plans to address similar emergency situations; countries such as Germany and Italy decided to eventually phase out nuclear power or to abandon their nuclear plant projects.

Use of energy is important in improving people's standard of living. But electricity generation also can damage the environment. Whether such damage occurs depends largely on how electricity is generated. For example, burning coal releases twice as much carbon dioxide - a major contributor to global warming - as does burning an equivalent amount of natural gas.

Anthropogenic carbon dioxide emissions result primarily from fossil fuel combustion and cement manufacturing. In combustion different fossil fuels release different amounts of carbon dioxide for the same level of energy use: oil releases about 50 percent more carbon dioxide than natural gas, and coal releases about twice as much. Nuclear energy does not generate carbon dioxide emissions, but it produces other dangerous waste products.","IEA occasionally revises its time series to reflect political changes. For example, the IEA has constructed historical energy statistics for countries of the former Soviet Union. In addition, energy statistics for other countries have undergone continuous changes in coverage or methodology in recent years as more detailed energy accounts have become available. Breaks in series are therefore unavoidable.","Electricity production shares may not sum to 100 percent because other sources of generated electricity (such as geothermal, solar, and wind) are not shown. Restricted use: Please contact the International Energy Agency for third-party use of these data.",https://www.iea.org/terms
EG.ELC.FOSL.ZS,Use and distribution of these data are subject to IEA terms and conditions.,"Electricity production from oil, gas and coal sources (% of total)",,"Sources of electricity refer to the inputs used to generate electricity. Oil refers to crude oil and petroleum products. Gas refers to natural gas but excludes natural gas liquids. Coal refers to all coal and brown coal, both primary (including hard coal and lignite-brown coal) and derived fuels (including patent fuel, coke oven coke, gas coke, coke oven gas, and blast furnace gas). Peat is also included in this category.","IEA Statistics © OECD/IEA 2014 (https://www.iea.org/data-and-statistics), subject to https://www.iea.org/terms/",Environment: Energy production & use,Annual,,Weighted average,,,,Restricted use: Please contact the International Energy Agency for third-party use of these data.,https://www.iea.org/terms
EG.ELC.RNWX.KH,Use and distribution of these data are subject to IEA terms and conditions.,"Electricity production from renewable sources, excluding hydroelectric (kWh)",,"Electricity production from renewable sources, excluding hydroelectric, includes geothermal, solar, tides, wind, biomass, and biofuels.","IEA Statistics © OECD/IEA 2014 (https://www.iea.org/data-and-statistics), subject to https://www.iea.org/terms/",Environment: Energy production & use,Annual,,Sum,"Electricity production from renewable sources (% of total) is the share of electricity produced by geothermal, solar photovoltaic, solar thermal, tide, wind, industrial waste, municipal waste, primary solid biofuels, biogases, biogasoline, biodiesels, other liquid biofuels, nonspecified primary biofuels and waste, and charcoal in total electricity production which is the total number of GWh generated by power plants separated into electricity plants and CHP plants. Hydropower is excluded. The International Energy Agency (IEA) compiles data on energy inputs used to generate electricity. IEA data for countries that are not members of the Organisation for Economic Co-operation and Development (OECD) are based on national energy data adjusted to conform to annual questionnaires completed by OECD member governments. In addition, estimates are sometimes made to complete major aggregates from which key data are missing, and adjustments are made to compensate for differences in definitions. The IEA makes these estimates in consultation with national statistical offices, oil companies, electric utilities, and national energy experts.",,"IEA occasionally revises its time series to reflect political changes. For example, the IEA has constructed historical energy statistics for countries of the former Soviet Union. In addition, energy statistics for other countries have undergone continuous changes in coverage or methodology in recent years as more detailed energy accounts have become available. Breaks in series are therefore unavoidable.",Restricted use: Please contact the International Energy Agency for third-party use of these data.,https://www.iea.org/terms
EG.ELC.RNEW.ZS,Use and distribution of these data are subject to IEA terms and conditions.,Renewable electricity output (% of total electricity output),,Renewable electricity is the share of electrity generated by renewable power plants in total electricity generated by all types of plants.,"IEA Statistics © OECD/IEA 2018 (https://www.iea.org/data-and-statistics), subject to https://www.iea.org/terms/",Environment: Energy production & use,Annual,,Weighted average,,,,Restricted use: Please contact the International Energy Agency for third-party use of these data.,https://www.iea.org/terms
ER.H2O.INTR.PC,CC BY-4.0,Renewable internal freshwater resources per capita (cubic meters),,Renewable internal freshwater resources flows refer to internal renewable resources (internal river flows and groundwater from rainfall) in the country. Renewable internal freshwater resources per capita are calculated using the World Bank's population estimates.,"Food and Agriculture Organization, AQUASTAT data.",Environment: Freshwater,Annual,,Weighted average,"Renewable water resources (internal and external) include average annual flow of rivers and recharge of aquifers generated from endogenous precipitation, and those water resources that are not generated in the country, such as inflows from upstream countries (groundwater and surface water), and part of the water of border lakes and/or rivers. Non-renewable water includes groundwater bodies (deep aquifers) that have a negligible rate of recharge on the human time-scale. While renewable water resources are expressed in flows, non-renewable water resources have to be expressed in quantity (stock). Runoff from glaciers where the mass balance is negative is considered non-renewable. Renewable internal freshwater resources per capita are calculated using the World Bank's population estimates. The unit of calculation is m3/year per inhabitant. Internal renewable freshwater resources per capita are calculated using the World Bank's population estimates.

Total actual renewable water resources correspond to the maximum theoretical yearly amount of water actually available for a country at a given moment. The unit of calculation is km3/year or 109 m3/year. Calculation Criteria is [Water resources: total renewable (actual)] = [Surface water: total renewable (actual)] + [Groundwater: total renewable (actual)] - [Overlap between surface water and groundwater].*

Fresh water is naturally occurring water on the Earth's surface. It is a renewable but limited natural resource. Fresh water can only be renewed through the process of the water cycle, where water from seas, lakes, forests, land, rivers, and dams evaporates, forms clouds, and returns as precipitation. However, if more fresh water is consumed through human activities than is restored by nature, the result is that the quantity of fresh water available in lakes, rivers, dams and underground waters can be reduced which can cause serious damage to the surrounding environment.

* http://www.fao.org/nr/water/aquastat/data/glossary/search.html?termId=4188&submitBtn=s&cls=yes","UNESCO estimates that in developing countries in Asia, Africa and Latin America, public water withdrawal represents just 50-100 liters (13 to 26 gallons) per person per day. In regions with insufficient water resources, this figure may be as low as 20-60 (5 to 15 gallons) liters per day. People in developed countries on average consume about 10 times more water daily than those in developing countries.

While some countries have an abundant supply of fresh water, others do not have as much. UN estimates that many areas of the world are already experiencing stress on water availability. Due to the accelerated pace of population growth and an increase in the amount of water a single person uses, it is expected that this situation will continue to get worse. The ability of developing countries to make more water available for domestic, agricultural, industrial and environmental uses will depend on better management of water resources and more cross-sectorial planning and integration. According to World Water Council, by 2020, water use is expected to increase by 40 percent, and 17 percent more water will be required for food production to meet the needs of the growing population. The three major factors causing increasing water demand over the past century are population growth, industrial development and the expansion of irrigated agriculture.

Water productivity is an indication only of the efficiency by which each country uses its water resources. Given the different economic structure of each country, these indicators should be used carefully, taking into account a country's sectorial activities and natural resource endowments. According to Commission on Sustainable Development (CSD) agriculture accounts for more than 70 percent of freshwater drawn from lakes, rivers and underground sources. Most is used for irrigation which provides about 40 percent of the world food production. Poor management has resulted in the salinization of about 20 percent of the world's irrigated land, with an additional 1.5 million ha affected annually.

There is now ample evidence that increased hydrologic variability and change in climate has and will continue to have a profound impact on the water sector through the hydrologic cycle, water availability, water demand, and water allocation at the global, regional, basin, and local levels. Properly managed water resources are a critical component of growth, poverty reduction and equity. The livelihoods of the poorest are critically associated with access to water services. A shortage of water in the future would be detrimental to the human population as it would affect everything from sanitation, to overall health and the production of grain.

Freshwater use by continents is partly based on several socio-economic development factors, including population, physiography, and climatic characteristics. It is estimated that in the coming decades the most intensive growth of water withdrawal is expected to occur in Africa and South America (increasing by 1.5-1.6 times), while the smallest growth will take place in Europe and North America (1.2 times).

The Commission for Sustainable Development (CSD) has reported that many countries lack adequate legislation and policies for efficient and equitable allocation and use of water resources. Progress is, however, being made with the review of national legislation and enactment of new laws and regulations.","A common perception is that most of the available freshwater resources are visible (on the surfaces of lakes, reservoirs and rivers). However, this visible water represents only a tiny fraction of global freshwater resources, as most of it is stored in aquifers, with the largest stocks stored in solid form in the Antarctic and in Greenland's ice cap.

The data on freshwater resources are based on estimates of runoff into rivers and recharge of groundwater. These estimates are based on different sources and refer to different years, so cross-country comparisons should be made with caution. Because the data are collected intermittently, they may hide significant variations in total renewable water resources from year to year. The data also fail to distinguish between seasonal and geographic variations in water availability within countries. Data for small countries and countries in arid and semiarid zones are less reliable than those for larger countries and countries with greater rainfall.

Caution should also be used in comparing data on annual freshwater withdrawals, which are subject to variations in collection and estimation methods. In addition, inflows and outflows are estimated at different times and at different levels of quality and precision, requiring caution in interpreting the data, particularly for water-short countries, notably in the Middle East and North Africa.

The data are based on surveys and estimates provided by governments to the Joint Monitoring Programme of the World Health Organization (WHO) and the United Nations Children's Fund (UNICEF). The coverage rates are based on information from service users on actual household use rather than on information from service providers, which may include nonfunctioning systems.",,https://datacatalog.worldbank.org/public-licenses#cc-by
ER.H2O.INTR.K3,CC BY-4.0,"Renewable internal freshwater resources, total (billion cubic meters)",,Renewable internal freshwater resources flows refer to internal renewable resources (internal river flows and groundwater from rainfall) in the country.,"Food and Agriculture Organization, AQUASTAT data.",Environment: Freshwater,Annual,,Sum,"The data on freshwater resources are based on estimates of runoff into rivers and recharge of groundwater. Renewable water resources (internal and external) include average annual flow of rivers and recharge of aquifers generated from endogenous precipitation, and those water resources that are not generated in the country, such as inflows from upstream countries (groundwater and surface water), and part of the water of border lakes and/or rivers. Non-renewable water includes groundwater bodies (deep aquifers) that have a negligible rate of recharge on the human time-scale. While renewable water resources are expressed in flows, non-renewable water resources have to be expressed in quantity (stock). Runoff from glaciers where the mass balance is negative is considered non-renewable.

Total actual renewable water resources correspond to the maximum theoretical yearly amount of water actually available for a country at a given moment. The unit of calculation is km3/year or 109 m3/year. Calculation Criteria is [Water resources: total renewable (actual)] = [Surface water: total renewable (actual)] + [Groundwater: total renewable (actual)] - [Overlap between surface water and groundwater].*

Fresh water is naturally occurring water on the Earth's surface. It is a renewable but limited natural resource. Fresh water can only be renewed through the process of the water cycle, where water from seas, lakes, forests, land, rivers, and dams evaporates, forms clouds, and returns as precipitation. However, if more fresh water is consumed through human activities than is restored by nature, the result is that the quantity of fresh water available in lakes, rivers, dams and underground waters can be reduced which can cause serious damage to the surrounding environment.

* http://www.fao.org/nr/water/aquastat/data/glossary/search.html?termId=4188&submitBtn=s&cls=yes","UNESCO estimates that in developing countries in Asia, Africa and Latin America, public water withdrawal represents just 50-100 liters (13 to 26 gallons) per person per day. In regions with insufficient water resources, this figure may be as low as 20-60 (5 to 15 gallons) liters per day. People in developed countries on average consume about 10 times more water daily than those in developing countries.

While some countries have an abundant supply of fresh water, others do not have as much. UN estimates that many areas of the world are already experiencing stress on water availability. Due to the accelerated pace of population growth and an increase in the amount of water a single person uses, it is expected that this situation will continue to get worse. The ability of developing countries to make more water available for domestic, agricultural, industrial and environmental uses will depend on better management of water resources and more cross-sectorial planning and integration. According to World Water Council, by 2020, water use is expected to increase by 40 percent, and 17 percent more water will be required for food production to meet the needs of the growing population. The three major factors causing increasing water demand over the past century are population growth, industrial development and the expansion of irrigated agriculture.

Water productivity is an indication only of the efficiency by which each country uses its water resources. Given the different economic structure of each country, these indicators should be used carefully, taking into account a country's sectorial activities and natural resource endowments. According to Commission on Sustainable Development (CSD) agriculture accounts for more than 70 percent of freshwater drawn from lakes, rivers and underground sources. Most is used for irrigation which provides about 40 percent of the world food production. Poor management has resulted in the salinization of about 20 percent of the world's irrigated land, with an additional 1.5 million ha affected annually.

There is now ample evidence that increased hydrologic variability and change in climate has and will continue to have a profound impact on the water sector through the hydrologic cycle, water availability, water demand, and water allocation at the global, regional, basin, and local levels. Properly managed water resources are a critical component of growth, poverty reduction and equity. The livelihoods of the poorest are critically associated with access to water services. A shortage of water in the future would be detrimental to the human population as it would affect everything from sanitation, to overall health and the production of grain.

Freshwater use by continents is partly based on several socio-economic development factors, including population, physiography, and climatic characteristics. It is estimated that in the coming decades the most intensive growth of water withdrawal is expected to occur in Africa and South America (increasing by 1.5-1.6 times), while the smallest growth will take place in Europe and North America (1.2 times).

The Commission for Sustainable Development (CSD) has reported that many countries lack adequate legislation and policies for efficient and equitable allocation and use of water resources. Progress is, however, being made with the review of national legislation and enactment of new laws and regulations.","A common perception is that most of the available freshwater resources are visible (on the surfaces of lakes, reservoirs and rivers). However, this visible water represents only a tiny fraction of global freshwater resources, as most of it is stored in aquifers, with the largest stocks stored in solid form in the Antarctic and in Greenland's ice cap.

The data on freshwater resources are based on estimates of runoff into rivers and recharge of groundwater. These estimates are based on different sources and refer to different years, so cross-country comparisons should be made with caution. Because the data are collected intermittently, they may hide significant variations in total renewable water resources from year to year. The data also fail to distinguish between seasonal and geographic variations in water availability within countries. Data for small countries and countries in arid and semiarid zones are less reliable than those for larger countries and countries with greater rainfall.

Caution should also be used in comparing data on annual freshwater withdrawals, which are subject to variations in collection and estimation methods. In addition, inflows and outflows are estimated at different times and at different levels of quality and precision, requiring caution in interpreting the data, particularly for water-short countries, notably in the Middle East and North Africa.

The data are based on surveys and estimates provided by governments to the Joint Monitoring Programme of the World Health Organization (WHO) and the United Nations Children's Fund (UNICEF). The coverage rates are based on information from service users on actual household use rather than on information from service providers, which may include nonfunctioning systems.",,https://datacatalog.worldbank.org/public-licenses#cc-by
EG.USE.COMM.CL.ZS,Use and distribution of these data are subject to IEA terms and conditions.,Alternative and nuclear energy (% of total energy use),,"Clean energy is noncarbohydrate energy that does not produce carbon dioxide when generated. It includes hydropower and nuclear, geothermal, and solar power, among others.","IEA Statistics © OECD/IEA 2014 (https://www.iea.org/data-and-statistics), subject to https://www.iea.org/terms/",Environment: Energy production & use,Annual,,Weighted average,Energy data are compiled by the International Energy Agency (IEA). IEA data for economies that are not members of the Organisation for Economic Co-operation and Development (OECD) are based on national energy data adjusted to conform to annual questionnaires completed by OECD member governments.,"Alternative energy is produced without the undesirable consequences of the burning of fossil fuels, such as high carbon dioxide emissions, which is considered to be the major contributing factor of global warming.

Past few decade have seen a rise in global investment in renewable energy, led by wind and solar. In transport, major car companies are adding hybrid and full-electric vehicles to their product lines and many governments have launched plans to encourage consumers to buy these vehicles Fossil fuels continue to outpace alternative and renewable energy growth. Coal has been the fastest-growing global energy source, meeting about one-half of new electricity demand.

Total energy use refers to the use of primary energy before transformation to other end-use fuels (such as electricity and refined petroleum products). It includes energy from combustible renewables and waste - solid biomass and animal products, gas and liquid from biomass, and industrial and municipal waste. Biomass is any plant matter used directly as fuel or converted into fuel, heat, or electricity.

Governments in many countries are increasingly aware of the urgent need to make better use of the world's energy resources. Improved energy efficiency is often the most economic and readily available means of improving energy security and reducing greenhouse gas emissions.","The IEA makes these estimates in consultation with national statistical offices, oil companies, electric utilities, and national energy experts. The IEA occasionally revises its time series to reflect political changes, and energy statistics undergo continual changes in coverage or methodology as more detailed energy accounts become available. Breaks in series are therefore unavoidable.",Restricted use: Please contact the International Energy Agency for third-party use of these data.,https://www.iea.org/terms
EG.USE.PCAP.KG.OE,Use and distribution of these data are subject to IEA terms and conditions.,Energy use (kg of oil equivalent per capita),,"Energy use refers to use of primary energy before transformation to other end-use fuels, which is equal to indigenous production plus imports and stock changes, minus exports and fuels supplied to ships and aircraft engaged in international transport.","IEA Statistics © OECD/IEA 2014 (https://www.iea.org/data-and-statistics), subject to https://www.iea.org/terms/",Environment: Energy production & use,Annual,,Weighted average,"Total energy use refers to the use of primary energy before transformation to other end-use fuels (such as electricity and refined petroleum products). It includes energy from combustible renewables and waste - solid biomass and animal products, gas and liquid from biomass, and industrial and municipal waste. Biomass is any plant matter used directly as fuel or converted into fuel, heat, or electricity. World Bank population estimates are used to calculate per capita data.

Energy data are compiled by the International Energy Agency (IEA). IEA data for economies that are not members of the Organisation for Economic Co-operation and Development (OECD) are based on national energy data adjusted to conform to annual questionnaires completed by OECD member governments.

Data for combustible renewables and waste are often based on small surveys or other incomplete information and thus give only a broad impression of developments and are not strictly comparable across countries. The IEA reports include country notes that explain some of these differences. All forms of energy - primary energy and primary electricity - are converted into oil equivalents. A notional thermal efficiency of 33 percent is assumed for converting nuclear electricity into oil equivalents and 100 percent efficiency for converting hydroelectric power.","In developing economies growth in energy use is closely related to growth in the modern sectors - industry, motorized transport, and urban areas - but energy use also reflects climatic, geographic, and economic factors (such as the relative price of energy). Energy use has been growing rapidly in low- and middle-income economies, but high-income economies still use almost five times as much energy on a per capita basis.

Governments in many countries are increasingly aware of the urgent need to make better use of the world's energy resources. Improved energy efficiency is often the most economic and readily available means of improving energy security and reducing greenhouse gas emissions.","The IEA makes these estimates in consultation with national statistical offices, oil companies, electric utilities, and national energy experts. The IEA occasionally revises its time series to reflect political changes, and energy statistics undergo continual changes in coverage or methodology as more detailed energy accounts become available. Breaks in series are therefore unavoidable.",Restricted use: Please contact the International Energy Agency for third-party use of these data.,https://www.iea.org/terms
EG.GDP.PUSE.KO.PP,Use and distribution of these data are subject to IEA terms and conditions.,GDP per unit of energy use (PPP $ per kg of oil equivalent),,GDP per unit of energy use is the PPP GDP per kilogram of oil equivalent of energy use. PPP GDP is gross domestic product converted to current international dollars using purchasing power parity rates based on the 2017 ICP round. An international dollar has the same purchasing power over GDP as a U.S. dollar has in the United States.,"IEA Statistics © OECD/IEA 2014 (https://www.iea.org/data-and-statistics), subject to https://www.iea.org/terms/",Environment: Energy production & use,Annual,,Weighted average,,,,Restricted use: Please contact the International Energy Agency for third-party use of these data.,https://www.iea.org/terms
EG.IMP.CONS.ZS,Use and distribution of these data are subject to IEA terms and conditions.,"Energy imports, net (% of energy use)",,"Net energy imports are estimated as energy use less production, both measured in oil equivalents. A negative value indicates that the country is a net exporter. Energy use refers to use of primary energy before transformation to other end-use fuels, which is equal to indigenous production plus imports and stock changes, minus exports and fuels supplied to ships and aircraft engaged in international transport.","IEA Statistics © OECD/IEA 2014 (https://www.iea.org/data-and-statistics), subject to https://www.iea.org/terms/",Environment: Energy production & use,Annual,,Weighted average,"Energy data are compiled by the International Energy Agency (IEA). IEA data for economies that are not members of the Organisation for Economic Co-operation and Development (OECD) are based on national energy data adjusted to conform to annual questionnaires completed by OECD member governments.

A negative value in energy imports indicates that the country is a net exporter. Energy use refers to use of primary energy before transformation to other end-use fuels, which is equal to indigenous production plus imports and stock changes, minus exports and fuels supplied to ships and aircraft engaged in international transport.","Modern energy services are crucial to a country's economic development. Access to modern energy is essential for the provision of clean water, sanitation and healthcare and for the provision of reliable and efficient lighting, heating, cooking, mechanical power, and transport and telecommunications services.

Governments in many countries are increasingly aware of the urgent need to make better use of the world's energy resources. Improved energy efficiency is often the most economic and readily available means of improving energy security and reducing greenhouse gas emissions.","The IEA makes these estimates in consultation with national statistical offices, oil companies, electric utilities, and national energy experts. The IEA occasionally revises its time series to reflect political changes, and energy statistics undergo continual changes in coverage or methodology as more detailed energy accounts become available. Breaks in series are therefore unavoidable.",Restricted use: Please contact the International Energy Agency for third-party use of these data.,https://www.iea.org/terms
